{"cameraMode":{"drawMode":0,"name":"Shaded","section":"Shading Mode"},"sceneLighting":true,"audioPlay":false,"sceneViewState":{"m_AlwaysRefresh":false,"showFog":true,"showSkybox":true,"showFlares":true,"showImageEffects":true,"showParticleSystems":true,"showVisualEffectGraphs":true,"m_FxEnabled":true},"in2DMode":false,"pivot":{"x":1.5085678100585938,"y":-3.727261543273926,"z":-6.847217559814453},"rotation":{"x":0.29567012190818789,"y":-0.15810751914978028,"z":0.04968970641493797,"w":0.9408044815063477},"size":15.503061294555664,"orthographic":false}