{"cameraMode":{"drawMode":0,"name":"Shaded","section":"Shading Mode"},"sceneLighting":true,"audioPlay":false,"sceneViewState":{"showFog":true,"showMaterialUpdate":false,"showSkybox":true,"showFlares":true,"showImageEffects":true,"showParticleSystems":true},"in2DMode":false,"pivot":{"x":-76.22518157958985,"y":-99.4185791015625,"z":195.93431091308595},"rotation":{"x":0.21511957049369813,"y":-0.18331961333751679,"z":0.041149772703647616,"w":0.9583445191383362},"size":238.22775268554688,"orthographic":false}